{"cameraMode":{"drawMode":0,"name":"Shaded","section":"Shading Mode"},"sceneLighting":true,"audioPlay":false,"sceneViewState":{"m_AlwaysRefresh":false,"showFog":true,"showSkybox":true,"showFlares":true,"showImageEffects":true,"showParticleSystems":true,"showVisualEffectGraphs":true,"m_FxEnabled":true},"in2DMode":false,"pivot":{"x":0.018408624455332757,"y":-8.318233489990235,"z":14.208121299743653},"rotation":{"x":0.2590113878250122,"y":-0.07525047659873963,"z":0.020258774980902673,"w":0.9627552628517151},"size":10.449999809265137,"orthographic":false}